year,num,paper_name,pages,text_chars_per_page,verdict
2017,1,CHSL Tier-I (7th Jan 2017 - Shift 1),8,2194,TEXT
2017,2,CHSL Tier-I (7th Jan 2017 - Shift 3),9,2119,TEXT
2017,3,CHSL Tier-I (24th Mar 2017 - Shift 3),10,1977,TEXT
2017,4,CHSL Tier-I (1st Feb 2017 - Shift 1),8,2284,TEXT
2017,5,CHSL Tier-I (1st Feb 2017 - Shift 2),9,2040,TEXT
2017,6,CHSL Tier-I (1st Feb 2017 - Shift 3),8,2342,TEXT
2017,7,CHSL Tier-I (2nd Feb 2017 - Shift 1),8,2289,TEXT
2017,8,CHSL Tier-I (2nd Feb 2017 - Shift 2),8,2232,TEXT
2017,9,CHSL Tier-I (2nd Feb 2017 - Shift 3),8,2233,TEXT
2017,10,CHSL Tier-I (3rd Feb 2017 - Shift 1),8,2249,TEXT
2017,11,CHSL Tier-I (3rd Feb 2017 - Shift 2),8,2303,TEXT
2017,12,CHSL Tier-I (3rd Feb 2017 - Shift 3),7,2503,TEXT
2018,1,CHSL Tier-I (4th March 2018 - Shift 1),11,1838,TEXT
2018,2,CHSL Tier-I (4th March 2018 - Shift 3),10,1982,TEXT
2018,3,CHSL Tier-I (5th March 2018 - Shift 1),10,2011,TEXT
2018,4,CHSL Tier-I (5th March 2018 - Shift 2),10,1981,TEXT
2018,5,CHSL Tier-I (5th March 2018 - Shift 3),10,1990,TEXT
2018,6,CHSL Tier-I (6th March 2018 - Shift 1),9,2151,TEXT
2018,7,CHSL Tier-I (6th March 2018 - Shift 2),10,2081,TEXT
2018,8,CHSL Tier-I (6th March 2018 - Shift 3),9,2175,TEXT
2018,9,CHSL Tier-I (7th March 2018 - Shift 1),10,1979,TEXT
2018,10,CHSL Tier-I (7th March 2018 - Shift 2),14,1909,TEXT
2018,11,CHSL Tier-I (7th March 2018 - Shift 3),10,1964,TEXT
2018,12,CHSL Tier-I (8th March 2018 - Shift 1),10,1973,TEXT
2018,13,CHSL Tier-I (8th March 2018 - Shift 2),10,1968,TEXT
2018,14,CHSL Tier-I (8th March 2018 - Shift 3),10,1943,TEXT
2018,15,CHSL Tier-I (10th March 2018 - Shift 2),10,2021,TEXT
2018,16,CHSL Tier-I (10th March 2018 - Shift 3),10,1935,TEXT
2018,17,CHSL Tier-I (11th March 2018 - Shift 1),10,1974,TEXT
2018,18,CHSL Tier-I (11th March 2018 - Shift 3),10,1873,TEXT
2018,19,CHSL Tier-I (24th March 2018 - Shift 2),9,2141,TEXT
2019,1,CHSL Tier-I (2nd July 2019 - Shift 1),9,1969,TEXT
2019,2,CHSL Tier-I (2nd July 2019 - Shift 2),9,1910,TEXT
2019,3,CHSL Tier-I (2nd July 2019 - Shift 3),9,1926,TEXT
2019,4,CHSL Tier-I (8th July 2019 - Shift 1),10,1646,TEXT
2019,5,CHSL Tier-I (8th July 2019 - Shift 2),10,1635,TEXT
2019,6,CHSL Tier-I (1st July 2019 - Shift 3),9,1889,TEXT
2019,7,CHSL Tier-I (3rd July 2019 - Shift 2),11,1656,TEXT
2019,8,CHSL Tier-I (3rd July 2019 - Shift 1),11,1618,TEXT
2019,9,CHSL Tier-I (3rd July 2019 - Shift 3),11,1632,TEXT
2019,10,CHSL Tier-I (4th July 2019 - Shift 1),10,1797,TEXT
2019,11,CHSL Tier-I (4th July 2019 - Shift 2),10,1646,TEXT
2019,12,CHSL Tier-I (4th July 2019 - Shift 3),10,1803,TEXT
2019,13,CHSL Tier-I (5th July 2019 - Shift 1),10,1723,TEXT
2019,14,CHSL Tier-I (5th July 2019 - Shift 2),10,1804,TEXT
2019,15,CHSL Tier-I (5th July 2019 - Shift 3),10,1712,TEXT
2020,1,CHSL Tier-I (12 Oct 2020) Shift-1,33,521,TEXT
2020,2,CHSL Tier-I (12 Oct 2020) Shift-2,32,515,TEXT
2020,3,CHSL Tier-I (12 Oct 2020) Shift-3,32,518,TEXT
2020,4,CHSL Tier-I (13 Oct 2020) Shift-1,30,589,TEXT
2020,5,CHSL Tier-I (13 Oct 2020) Shift-2,33,529,TEXT
2020,6,CHSL Tier-I (13 Oct 2020) Shift-3,31,527,TEXT
2020,7,CHSL Tier-I (14 Oct 2020) Shift-1,28,631,TEXT
2020,8,CHSL Tier-I (14 Oct 2020) Shift-2,33,524,TEXT
2020,9,CHSL Tier-I (14 Oct 2020 Shift-3,30,573,TEXT
2020,10,CHSL Tier-I (15 Oct 2020 Shift-1,30,573,TEXT
2020,11,CHSL Tier-I (15 Oct 2020 Shift-2,33,538,TEXT
2020,12,CHSL Tier-I (18 March 2020) Shift-1,31,524,TEXT
2020,13,CHSL Tier-I (18 March 2020) Shift-2,30,560,TEXT
2020,14,CHSL Tier-I (18 March 2020) Shift-3,33,496,TEXT
2020,15,CHSL Tier-I (19 March 2020) Shift-1,30,539,TEXT
2020,16,CHSL Tier-I (19 Oct 2020) Shift-1 Hindi,33,632,TEXT
2020,17,CHSL Tier-I (19 Oct 2020) Shift-2,31,539,TEXT
2020,18,CHSL Tier-I (19 Oct 2020) Shift-3,31,520,TEXT
2020,19,CHSL Tier-I (20 Oct 2020) Shift-3,32,470,TEXT
2020,20,CHSL Tier-I (21 Oct 2020) Shift-3,31,544,TEXT
2020,21,CHSL Tier-I (26 Oct 2020) Shift-1,30,549,TEXT
2021,1,CHSL Tier-I (7th June 2021) Shift-2,27,632,TEXT
2021,2,CHSL Tier-I (6th June 2021) Shift-1,27,618,TEXT
2021,3,CHSL Tier-I (6th June 2021) Shift-2,27,670,TEXT
2021,4,CHSL Tier-I (3rd June 2021) Shift-1,26,680,TEXT
2021,5,CHSL Tier-I (3rd June 2021) Shift-2,26,669,TEXT
2021,6,CHSL Tier-I (2nd June 2021) Shift-1,27,635,TEXT
2021,7,CHSL Tier-I (2nd June 2021) Shift-2,26,639,TEXT
2021,8,CHSL Tier-I (1st June 2021) Shift-1,26,700,TEXT
2021,9,CHSL Tier-I (1st June 2021) Shift-2,27,661,TEXT
2021,10,CHSL Tier-I (31st May 2021) Shift-1,25,651,TEXT
2021,11,CHSL Tier-I (31st May 2021) Shift-2,26,621,TEXT
2021,12,CHSL Tier-I (30th May 2021) Shift-1,26,656,TEXT
2021,13,CHSL Tier-I (30th May 2021) Shift-2,26,637,TEXT
2021,14,CHSL Tier-I (27th May 2021) Shift-1,27,595,TEXT
2021,15,CHSL Tier-I (27th May 2021) Shift-2,27,629,TEXT
2021,16,CHSL Tier-I (26th May 2021) Shift-1,27,608,TEXT
2021,17,CHSL Tier-I (26th May 2021) Shift-2,26,621,TEXT
2021,18,CHSL Tier-I (25th May 2021) Shift-1,27,647,TEXT
2021,19,CHSL Tier-I (25th May 2021) Shift-2,27,665,TEXT
2021,20,CHSL Tier-I (24th May 2021) Shift-1,26,678,TEXT
2021,21,CHSL Tier-I (24th May 2021) Shift-2,26,650,TEXT
2021,22,CHSL Tier-I (12 April 2021 Shift 1),31,600,TEXT
2021,23,CHSL Tier-I (12 April 2021 Shift 2),28,829,TEXT
2021,24,CHSL Tier-I (12 April 2021 Shift 3),32,678,TEXT
2021,25,CHSL Tier-I (13 April 2021 Shift 2),33,576,TEXT
2021,26,CHSL Tier-I (10th June 2021) Shift-1,27,631,TEXT
2021,27,CHSL Tier-I (10th June 2021) Shift-2,26,687,TEXT
2021,28,CHSL Tier-I (9th June 2021) Shift-1,26,660,TEXT
2021,29,CHSL Tier-I (9th June 2021) Shift-2,27,673,TEXT
2021,30,CHSL Tier-I (8th June 2021) Shift-1,27,623,TEXT
2021,31,CHSL Tier-I (8th June 2021) Shift-2,26,649,TEXT
2022,1,CHSL Tier-I (20th March 2022) Shift -4,27,764,TEXT
2022,2,CHSL Tier-I (17th March 2022) Shift-1,32,540,TEXT
2022,3,CHSL Tier-I (17th March 2022) Shift-2,32,524,TEXT
2022,4,CHSL Tier-I (17th March 2022) Shift-3,31,703,TEXT
2022,5,CHSL Tier-I (17th March 2022) Shift-4,26,816,TEXT
2022,6,CHSL Tier-I (16th March 2022) Shift-1,32,523,TEXT
2022,7,CHSL Tier-I (16th March 2022) Shift-2,27,792,TEXT
2022,8,CHSL Tier-I (16th March 2022) Shift-3,26,845,TEXT
2022,9,CHSL Tier-I (16th March 2022) Shift-4,26,819,TEXT
2022,10,CHSL Tier-I (15th March 2022) Shift-1,33,532,TEXT
2022,11,CHSL Tier-I (15th March 2022) Shift-2,33,502,TEXT
2022,12,CHSL Tier-I (15th March 2022) Shift-3,31,708,TEXT
2022,13,CHSL Tier-I (15th March 2022) Shift-4,27,756,TEXT
2022,14,CHSL Tier-I (14th March 2022) Shift-1,33,518,TEXT
2022,15,CHSL Tier-I (14th March 2022) Shift-2,33,526,TEXT
2022,16,CHSL Tier-I (14th March 2022) Shift-3,26,779,TEXT
2022,17,CHSL Tier-I (14th March 2022) Shift-4,27,825,TEXT
2022,18,CHSL Tier-I (13th March 2022) Shift-1,33,527,TEXT
2022,19,CHSL Tier-I (13th March 2022) Shift-2,27,762,TEXT
2022,20,CHSL Tier-I (13th March 2022) Shift-3,27,741,TEXT
2022,21,CHSL Tier-I (13th March 2022) Shift-4,27,810,TEXT
2022,22,CHSL Tier-I (10th March 2022) Shift-1,32,529,TEXT
2022,23,CHSL Tier-I (10th March 2022) Shift-2,31,549,TEXT
2022,24,CHSL Tier-I (10th March 2022) Shift-3,28,778,TEXT
2022,25,CHSL Tier-I (10th March 2022) Shift-4,27,805,TEXT
2022,26,CHSL Tier-I (9th March 2022) Shift-1,31,549,TEXT
2022,27,CHSL Tier-I (9th March 2022) Shift-2,32,528,TEXT
2022,28,CHSL Tier-I (9th March 2022) Shift-3,26,789,TEXT
2022,29,CHSL Tier-I (9th March 2022) Shift-4,27,785,TEXT
2023,1,CHSL Tier-I (3 August 2023 ) Shift - 4,31,477,TEXT
2023,2,CHSL Tier-I (4 August 2023 ) Shift - 1,29,480,TEXT
2023,3,CHSL Tier-I (4 August 2023 ) Shift - 2,31,450,TEXT
2023,4,CHSL Tier-I (4 August 2023 ) Shift - 3,29,500,TEXT
2023,5,CHSL Tier-I (4 August 2023 ) Shift - 4,31,451,TEXT
2023,6,CHSL Tier-I (7 August 2023 ) Shift - 1,31,481,TEXT
2023,7,CHSL Tier-I (7 August 2023 ) Shift - 3,32,516,TEXT
2023,8,CHSL Tier-I (7 August 2023 ) Shift - 4,30,491,TEXT
2023,9,CHSL Tier-I (8 August 2023 ) Shift - 1,29,461,TEXT
2023,10,CHSL Tier-I (8 August 2023 ) Shift - 2,32,505,TEXT
2023,11,CHSL Tier-I (8 August 2023 ) Shift - 3,30,474,TEXT
2023,12,CHSL Tier-I (8 August 2023 ) Shift - 4,31,596,TEXT
2023,13,CHSL Tier-I (9 August 2023 ) Shift - 1,31,490,TEXT
2023,14,CHSL Tier-I (9 August 2023 ) Shift - 2,30,545,TEXT
2023,15,CHSL Tier-I (9 August 2023 ) Shift - 3,32,514,TEXT
2023,16,CHSL Tier-I (9 August 2023 ) Shift - 4,31,553,TEXT
2023,17,CHSL Tier-I (10 August 2023 ) Shift - 1,31,542,TEXT
2023,18,CHSL Tier-I (10 August 2023 ) Shift - 2,31,572,TEXT
2023,19,CHSL Tier-I (10 August 2023 ) Shift - 3,30,459,TEXT
2023,20,CHSL Tier-I (10 August 2023 ) Shift - 4,30,526,TEXT
2023,21,CHSL Tier-I (11 August 2023 ) Shift - 1,31,559,TEXT
2023,22,CHSL Tier-I (11 August 2023 ) Shift - 2,32,532,TEXT
2023,23,CHSL Tier-I (11 August 2023 ) Shift - 3,31,463,TEXT
2023,24,CHSL Tier-I (11 August 2023 ) Shift - 4,31,535,TEXT
2023,25,CHSL Tier-I (14 August 2023 ) Shift - 1,31,529,TEXT
2023,26,CHSL Tier-I (14 August 2023 ) Shift - 2,31,574,TEXT
2023,27,CHSL Tier-I (14 August 2023 ) Shift - 3,30,547,TEXT
2023,28,CHSL Tier-I (14 August 2023 ) Shift - 4,30,478,TEXT
2023,29,CHSL Tier-I (17 August 2023 ) Shift - 1,30,501,TEXT
2023,30,CHSL Tier-I (17 August 2023 ) Shift - 2,31,538,TEXT
2023,31,CHSL Tier-I (17 August 2023 ) Shift - 3,29,583,TEXT
2023,32,CHSL Tier-I (17 August 2023 ) Shift - 4,29,583,TEXT
2024,1,CHSL Tier-I (02 July 2024) Shift- 4,21,0,SCANNED
2024,2,CHSL Tier- I (03 July 2024) Shift- 1,19,0,SCANNED
2024,3,CHSL Tier-I (03 July 2024) Shift- 2,21,0,SCANNED
2024,4,CHSL Tier-I (03 July 2024) Shift- 3,20,0,SCANNED
2024,5,CHSL Tier-I (03 July 2024) Shift- 4,23,0,SCANNED
2024,6,CHSL Tier-I (04 July 2024) Shift- 1,22,0,SCANNED
2024,7,CHSL Tier-I (04 July 2024) Shift-2,21,0,SCANNED
2024,8,CHSL Tier-I (04 July 2024) Shift- 3,20,0,SCANNED
2024,9,CHSL Tier-I (04 July 2024) Shift-4,20,0,SCANNED
2024,10,CHSL Tier-I (05 July 2024) Shift-1,22,0,SCANNED
2024,11,CHSL Tier-I (05 July 2024) Shift-3,21,0,SCANNED
2024,12,CHSL Tier-I (05 July 2024) Shift-4,21,0,SCANNED
2024,13,CHSL Tier-I (08 July 2024) Shift- 1,21,0,SCANNED
2024,14,CHSL Tier- I (08 July 2024) Shift-2,21,0,SCANNED
2024,15,CHSL Tier- I (08 July 2024) Shift-3,21,0,SCANNED
2024,16,CHSL Tier- I (08 July 2024) Shift- 4,20,0,SCANNED
2024,17,CHSL Tier-I (09 July 2024) Shift-1,22,0,SCANNED
2024,18,CHSL Tier-I (09 July 2024) Shift-2,22,0,SCANNED
2024,19,CHSL Tier-I (09 July 2024) Shift-3,23,0,SCANNED
2024,20,CHSL Tier-I (09 July 2024) Shift-4,21,0,SCANNED
2024,21,CHSL Tier-I (10 July 2024) Shift-1,23,0,SCANNED
2024,22,CHSL Tier-I (10 July 2024) Shift-2,20,0,SCANNED
2024,23,CHSL Tier-I (10 July 2024) Shift-3,21,0,SCANNED
2024,24,CHSL Tier-I (10 July 2024) Shift-4,20,0,SCANNED
2024,25,CHSL Tier- I (11 July 2024) Shift- 2,22,0,SCANNED
2024,26,CHSL Tier- I (11 July 2024) Shift- 3,22,0,SCANNED
2024,27,CHSL Tier- I (11 July 2024) Shift- 4,22,0,SCANNED
2024,28,CHSL Tier-I (01 July 2024) Shift-1,20,0,SCANNED
2024,29,CHSL Tier- I (01 July 2024) Shift-2,20,0,SCANNED
2024,30,CHSL Tier-I (01 July; 2024) Shift-3,20,0,SCANNED
2024,31,CHSL Tier-I (01 July 2024) Shift- 4,21,0,SCANNED
2024,32,CHSL Tier-I (02 July 2024) Shift- 1,22,0,SCANNED
2024,33,CHSL Tier-I (02 July 2024) Shift- 2,20,0,SCANNED
2024,34,CHSL Tier-I (02 Jul 2024) Shift-3,22,0,SCANNED
